<?xml version="1.0" encoding="UTF-8"?>
<!DOCTYPE hibernate-mapping PUBLIC "-//Hibernate/Hibernate Mapping DTD 3.0//EN" "http://hibernate.sourceforge.net/hibernate-mapping-3.0.dtd">
<hibernate-mapping>
  <class name="p2.PruebaRadiologia">
    <id column="ID_PRUEBARADIOLOGIA" name="Id" type="integer">
        <generator class="native"/>
    </id>
    <property name="Comentario"/>
    <joined-subclass name="p2.Radiografia">
      <key column="ID_RADIOGRAFIA"/>
      <set cascade="all" name="Radiografias">
        <key column="ID_RADIOGRAFIA"/>
        <one-to-many class="p2.Imagen"/>
      </set>
    </joined-subclass>
  </class>
</hibernate-mapping>